student_no,name,surname,email
2301199,Can,Kılıç,can.kılıç199@example.com
2301230,Seda,Doğan,seda.doğan230@example.com
2301213,Hüseyin,Kılıç,hüseyin.kılıç213@example.com
2301097,Hasan,Çelik,hasan.çelik97@example.com
2301072,Ayşe,Öztürk,ayşe.öztürk72@example.com
2301161,Buse,Özkan,buse.özkan161@example.com
2301117,Kerem,Yıldız,kerem.yıldız117@example.com
2301055,Yusuf,Şimşek,yusuf.şimşek55@example.com
2301086,İbrahim,Aydın,i̇brahim.aydın86@example.com
2301020,Laura,Dubois,laura.dubois20@example.com
2301095,Ahmet,Çetin,ahmet.çetin95@example.com
2301145,Fatma,Kurt,fatma.kurt145@example.com
2301088,İbrahim,Yıldız,i̇brahim.yıldız88@example.com
2301170,Can,Aydın,can.aydın170@example.com
2301133,Kerem,Demir,kerem.demir133@example.com
2301131,Gizem,Şimşek,gizem.şimşek131@example.com
2301106,Ömer,Öztürk,ömer.öztürk106@example.com
2301134,Ece,Arslan,ece.arslan134@example.com
2301079,Selin,Yıldız,selin.yıldız79@example.com
2301188,Elif,Özdemir,elif.özdemir188@example.com
2301168,Emine,Çelik,emine.çelik168@example.com
2301009,Anna,Silva,anna.silva9@example.com
2301061,Fatma,Yılmaz,fatma.yılmaz61@example.com
2301068,Ahmet,Koç,ahmet.koç68@example.com
2301108,Can,Arslan,can.arslan108@example.com
2301144,Mehmet,Yıldız,mehmet.yıldız144@example.com
2301071,Ahmet,Aslan,ahmet.aslan71@example.com
2301162,Can,Aslan,can.aslan162@example.com
2301042,Selin,Polat,selin.polat42@example.com
2301034,Zeynep,Doğan,zeynep.doğan34@example.com
2301098,Zeynep,Doğan,zeynep.doğan98@example.com
2301246,Zeynep,Öztürk,zeynep.öztürk246@example.com
2301103,İbrahim,Çetin,i̇brahim.çetin103@example.com
2301037,Selin,Özkan,selin.özkan37@example.com
2301243,Kerem,Öztürk,kerem.öztürk243@example.com
2301109,Ayşe,Özkan,ayşe.özkan109@example.com
2301217,Tolga,Demir,tolga.demir217@example.com
2301229,Ece,Çetin,ece.çetin229@example.com
2301239,Deniz,Yıldız,deniz.yıldız239@example.com
2301111,Yusuf,Aydın,yusuf.aydın111@example.com
2301035,Burak,Demir,burak.demir35@example.com
2301232,Kübra,Yılmaz,kübra.yılmaz232@example.com
2301012,James,Silva,james.silva12@example.com
2301151,Elif,Öztürk,elif.öztürk151@example.com
2301074,Seda,Çelik,seda.çelik74@example.com
2301053,Burak,Aydın,burak.aydın53@example.com
2301063,Burak,Polat,burak.polat63@example.com
2301112,Gizem,Demir,gizem.demir112@example.com
2301125,Tolga,Özdemir,tolga.özdemir125@example.com
2301105,Hatice,Arslan,hatice.arslan105@example.com
2301075,Buse,Çelik,buse.çelik75@example.com
2301224,Melis,Aslan,melis.aslan224@example.com
2301178,Ali,Öztürk,ali.öztürk178@example.com
2301016,Maria,Dubois,maria.dubois16@example.com
2301060,Hüseyin,Aydın,hüseyin.aydın60@example.com
2301123,Mehmet,Öztürk,mehmet.öztürk123@example.com
2301032,Onur,Şahin,onur.şahin32@example.com
2301245,Onur,Yıldız,onur.yıldız245@example.com
2301029,Buse,Yılmaz,buse.yılmaz29@example.com
2301244,Ali,Kılıç,ali.kılıç244@example.com
2301001,Laura,Brown,laura.brown1@example.com
2301195,Yusuf,Çelik,yusuf.çelik195@example.com
2301127,Hüseyin,Kaya,hüseyin.kaya127@example.com
2301010,Laura,Chen,laura.chen10@example.com
2301124,Hüseyin,Yıldırım,hüseyin.yıldırım124@example.com
2301126,Fatma,Yıldız,fatma.yıldız126@example.com
2301202,Yusuf,Polat,yusuf.polat202@example.com
2301241,Burak,Öztürk,burak.öztürk241@example.com
2301250,İbrahim,Yıldız,i̇brahim.yıldız250@example.com
2301218,İbrahim,Aslan,i̇brahim.aslan218@example.com
2301047,Can,Koç,can.koç47@example.com
2301092,Hüseyin,Kaya,hüseyin.kaya92@example.com
2301059,Hüseyin,Arslan,hüseyin.arslan59@example.com
2301196,Tolga,Polat,tolga.polat196@example.com
2301100,Gizem,Demir,gizem.demir100@example.com
2301203,Mehmet,Kaya,mehmet.kaya203@example.com
2301027,Gizem,Özkan,gizem.özkan27@example.com
2301242,Zeynep,Doğan,zeynep.doğan242@example.com
2301176,Can,Demir,can.demir176@example.com
2301043,İbrahim,Şimşek,i̇brahim.şimşek43@example.com
2301084,Tolga,Polat,tolga.polat84@example.com
2301231,Gizem,Yılmaz,gizem.yılmaz231@example.com
2301011,Laura,Silva,laura.silva11@example.com
2301175,Yusuf,Koç,yusuf.koç175@example.com
2301220,Ömer,Çetin,ömer.çetin220@example.com
2301201,Emine,Yılmaz,emine.yılmaz201@example.com
2301200,Ali,Öztürk,ali.öztürk200@example.com
2301091,Yusuf,Kaya,yusuf.kaya91@example.com
2301082,Kübra,Şimşek,kübra.şimşek82@example.com
2301121,Ali,Arslan,ali.arslan121@example.com
2301204,Kübra,Koç,kübra.koç204@example.com
2301003,John,Rossi,john.rossi3@example.com
2301118,Onur,Kaya,onur.kaya118@example.com
2301049,Deniz,Yılmaz,deniz.yılmaz49@example.com
2301025,Anna,Rossi,anna.rossi25@example.com
2301248,Melis,Kaya,melis.kaya248@example.com
2301050,Tolga,Yıldız,tolga.yıldız50@example.com
2301247,Serkan,Şimşek,serkan.şimşek247@example.com
2301208,Burak,Polat,burak.polat208@example.com
2301073,Fatma,Özkan,fatma.özkan73@example.com
2301057,Emine,Aslan,emine.aslan57@example.com
2301240,Tolga,Doğan,tolga.doğan240@example.com
2301228,Ahmet,Kurt,ahmet.kurt228@example.com
2301177,Ali,Koç,ali.koç177@example.com
2301132,Selin,Yıldız,selin.yıldız132@example.com
2301166,Selin,Yıldırım,selin.yıldırım166@example.com
2301189,Hatice,Aslan,hatice.aslan189@example.com
2301114,Burak,Şimşek,burak.şimşek114@example.com
2301223,Ali,Çelik,ali.çelik223@example.com
2301146,Burak,Yıldız,burak.yıldız146@example.com
2301104,Ayşe,Demir,ayşe.demir104@example.com
2301107,Hatice,Öztürk,hatice.öztürk107@example.com
2301225,İbrahim,Yıldız,i̇brahim.yıldız225@example.com
2301174,Kerem,Arslan,kerem.arslan174@example.com
2301007,Laura,Dubois,laura.dubois7@example.com
2301236,Kübra,Şimşek,kübra.şimşek236@example.com
2301054,Selin,Çelik,selin.çelik54@example.com
2301051,Deniz,Çetin,deniz.çetin51@example.com
2301062,Emine,Şimşek,emine.şimşek62@example.com
2301081,Fatma,Aydın,fatma.aydın81@example.com
2301198,Selin,Yıldız,selin.yıldız198@example.com
2301233,Hasan,Kaya,hasan.kaya233@example.com
2301181,Selin,Yıldırım,selin.yıldırım181@example.com
2301205,Can,Kaya,can.kaya205@example.com
2301140,Selin,Kılıç,selin.kılıç140@example.com
2301152,Mehmet,Aslan,mehmet.aslan152@example.com
2301099,Hatice,Aslan,hatice.aslan99@example.com
2301018,John,Silva,john.silva18@example.com
2301076,Hasan,Şimşek,hasan.şimşek76@example.com
2301160,Deniz,Özdemir,deniz.özdemir160@example.com
2301172,Deniz,Yıldırım,deniz.yıldırım172@example.com
2301031,Gizem,Polat,gizem.polat31@example.com
2301143,Ömer,Polat,ömer.polat143@example.com
2301070,Ece,Çetin,ece.çetin70@example.com
2301167,Ayşe,Yıldız,ayşe.yıldız167@example.com
2301155,Can,Kaya,can.kaya155@example.com
2301222,Zeynep,Yılmaz,zeynep.yılmaz222@example.com
2301026,Kerem,Kaya,kerem.kaya26@example.com
2301058,Mehmet,Yılmaz,mehmet.yılmaz58@example.com
2301094,Kerem,Özdemir,kerem.özdemir94@example.com
2301179,Fatma,Çelik,fatma.çelik179@example.com
2301128,Kübra,Yıldırım,kübra.yıldırım128@example.com
2301153,Gizem,Özkan,gizem.özkan153@example.com
2301087,Ayşe,Çetin,ayşe.çetin87@example.com
2301149,Mehmet,Doğan,mehmet.doğan149@example.com
2301249,Ali,Yıldırım,ali.yıldırım249@example.com
2301148,Can,Kaya,can.kaya148@example.com
2301187,Buse,Kılıç,buse.kılıç187@example.com
2301212,Hasan,Özdemir,hasan.özdemir212@example.com
2301120,Ali,Arslan,ali.arslan120@example.com
2301197,Ali,Şimşek,ali.şimşek197@example.com
2301077,Ece,Demir,ece.demir77@example.com
2301044,Selin,Yılmaz,selin.yılmaz44@example.com
2301207,İbrahim,Şimşek,i̇brahim.şimşek207@example.com
2301237,Gizem,Koç,gizem.koç237@example.com
2301209,Onur,Çelik,onur.çelik209@example.com
2301158,Emine,Özkan,emine.özkan158@example.com
2301066,Mustafa,Çetin,mustafa.çetin66@example.com
2301040,Kerem,Arslan,kerem.arslan40@example.com
2301036,Ayşe,Aydın,ayşe.aydın36@example.com
